onset_sparse,onset_dense,offset_dense,onset_trial_like,onset_firstn_lowvar,offset_firstn_lowvar,onset_firstn_highvar
0.0,0.0,0.065435,0.0,0.0,0.057299,0.0
0.14,0.12,0.17469,0.11,0.12,0.179656,0.07
12.14,0.24,0.296092,0.21,5.32,5.377304,5.27
12.28,0.36,0.417079,0.32,5.44,5.50019,5.39
24.28,0.48,0.540852,0.43,5.56,5.618309,5.57
24.42,0.6,0.662096,0.55,5.68,5.740003,5.81
36.42,0.72,0.776989,80.0,5.8,5.862739,6.13
36.56,0.84,0.899076,80.11,5.92,5.980138,6.54
36.7,0.96,1.01843,80.21,11.12,11.180727,11.74
,1.08,1.136576,80.32,11.24,11.29921,11.81
,1.2,1.262127,80.43,11.36,11.419089,11.93
,1.32,1.385603,80.55,11.48,11.542278,12.11
,1.44,1.497862,160.0,11.6,11.661382,12.35
,1.56,1.624096,160.11,11.72,11.779172,12.67
,1.68,1.742502,160.21,11.84,11.89946,13.08
,1.8,1.862159,160.32,17.04,17.103146,13.15
,1.92,1.97897,160.43,17.16,17.22369,18.35
,2.04,2.101466,160.55,17.28,17.342138,18.47
,2.16,2.217625,240.0,17.4,17.461724,18.65
,2.28,2.339725,240.11,17.52,17.579901,18.89
,2.4,2.460026,240.21,17.64,17.697134,19.21
,2.52,2.584645,240.32,17.76,17.823199,19.62
,2.64,2.699955,240.43,17.88,17.943521,19.69
,2.76,2.819392,240.55,23.08,23.137695,19.81
,2.88,2.944083,,23.2,23.261175,19.99
,3.0,3.06475,,23.32,23.383605,20.23
,8.3,8.354069,,23.44,23.496281,25.43
,8.42,8.480204,,23.56,23.622199,25.75
,8.54,8.603202,,23.68,23.736058,26.16
,8.66,8.723894,,23.8,23.863073,26.23
,8.78,8.838289,,23.92,23.98075,26.35
,8.9,8.956634,,24.04,24.101841,26.53
,9.02,9.083993,,29.24,29.297871,26.77
,9.14,9.20238,,29.36,29.416275,27.09
,9.26,9.324643,,29.48,29.536801,27.5
,9.38,9.443352,,29.6,29.662003,27.57
,9.5,9.56291,,29.72,29.778026,27.69
,9.62,9.675395,,29.84,29.902008,27.87
,9.74,9.797771,,29.96,30.022842,
,9.86,9.919747,,30.08,30.139419,
,9.98,10.040388,,30.2,30.263648,
,10.1,10.155097,,30.32,30.379348,
,10.22,10.282418,,,,
,10.34,10.398467,,,,
,10.46,10.514021,,,,
,10.58,10.634818,,,,
,10.7,10.756221,,,,
,10.82,10.877847,,,,
,10.94,10.998838,,,,
,16.24,16.303941,,,,
,16.36,16.414416,,,,
,16.48,16.545902,,,,
,16.6,16.662379,,,,
,16.72,16.775629,,,,
,16.84,16.898021,,,,
,16.96,17.018086,,,,
,17.08,17.134773,,,,
,17.2,17.254255,,,,
,17.32,17.38384,,,,
,17.44,17.497619,,,,
,17.56,17.624864,,,,
,17.68,17.734073,,,,
,17.8,17.861277,,,,
,17.92,17.985441,,,,
,18.04,18.097518,,,,
,18.16,18.217851,,,,
,18.28,18.340871,,,,
,18.4,18.455822,,,,
,18.52,18.581637,,,,
,18.64,18.70175,,,,
,23.94,23.996273,,,,
,24.06,24.124574,,,,
,24.18,24.241989,,,,
,24.3,24.362435,,,,
,24.42,24.478126,,,,
,24.54,24.602823,,,,
,24.66,24.718518,,,,
,24.78,24.843861,,,,
,24.9,24.957538,,,,
,25.02,25.074081,,,,
,25.14,25.204648,,,,
,25.26,25.318054,,,,
,25.38,25.437395,,,,
,25.5,25.557629,,,,
,25.62,25.676463,,,,
,25.74,25.796342,,,,
,25.86,25.918167,,,,
,25.98,26.04215,,,,
,26.1,26.164398,,,,
,31.4,31.464737,,,,
,31.52,31.584259,,,,
,31.64,31.704128,,,,
,31.76,31.823645,,,,
,31.88,31.939833,,,,
,32.0,32.064442,,,,
,32.12,32.185337,,,,
,32.24,32.298838,,,,
,32.36,32.425123,,,,
,32.48,32.53701,,,,
,32.6,32.663465,,,,
,32.72,32.785876,,,,
,32.84,32.905312,,,,
,32.96,33.017676,,,,
,33.08,33.137095,,,,
,33.2,33.257523,,,,
,33.32,33.385411,,,,
,38.62,38.680556,,,,
,38.74,38.798965,,,,
,38.86,38.918079,,,,
,38.98,39.03773,,,,
,39.1,39.159731,,,,
,39.22,39.284481,,,,
,39.34,39.395807,,,,
,39.46,39.515776,,,,
,39.58,39.642406,,,,
,39.7,39.755917,,,,
,39.82,39.876725,,,,
,39.94,40.002631,,,,
,40.06,40.115091,,,,
,40.18,40.241398,,,,
,40.3,40.359339,,,,
,45.6,45.655437,,,,
,45.72,45.778318,,,,
,45.84,45.894791,,,,
,45.96,46.020014,,,,
,46.08,46.140919,,,,
,46.2,46.2564,,,,
,46.32,46.382279,,,,
,46.44,46.505445,,,,
,46.56,46.622371,,,,
,46.68,46.736566,,,,
,46.8,46.859562,,,,
,46.92,46.979962,,,,
,47.04,47.095879,,,,
,47.16,47.215411,,,,
,52.46,52.523028,,,,
,52.58,52.642439,,,,
,52.7,52.761333,,,,
,52.82,52.883864,,,,
,52.94,52.996858,,,,
,53.06,53.123504,,,,
,53.18,53.244334,,,,
,53.3,53.362737,,,,
,53.42,53.476596,,,,
,53.54,53.595557,,,,
,53.66,53.725094,,,,
,53.78,53.835797,,,,
,59.08,59.140185,,,,
,59.2,59.262856,,,,
,59.32,59.378516,,,,
,59.44,59.504525,,,,
,59.56,59.624068,,,,
,59.68,59.74092,,,,
,59.8,59.856422,,,,
,59.92,59.983967,,,,
,60.04,60.105974,,,,
,60.16,60.223688,,,,
,60.28,60.341914,,,,
,65.58,65.639511,,,,
,65.7,65.763953,,,,
,65.82,65.885767,,,,
,65.94,66.001748,,,,
,66.06,66.114703,,,,
,66.18,66.236025,,,,
,66.3,66.365549,,,,
,66.42,66.474313,,,,
,66.54,66.599244,,,,
,66.66,66.720791,,,,
,71.96,72.022063,,,,
,72.08,72.138004,,,,
,72.2,72.256795,,,,
,72.32,72.379437,,,,
,72.44,72.503612,,,,
,72.56,72.619154,,,,
,72.68,72.741807,,,,
,72.8,72.859092,,,,
,72.92,72.984538,,,,
,78.22,78.284929,,,,
,78.34,78.394064,,,,
,78.46,78.516921,,,,
,78.58,78.645235,,,,
,78.7,78.759585,,,,
,78.82,78.878992,,,,
,78.94,79.004663,,,,
,79.06,79.123461,,,,
,79.18,79.239835,,,,
,84.48,84.539044,,,,
,84.6,84.664161,,,,
,84.72,84.780029,,,,
,84.84,84.896006,,,,
,84.96,85.017257,,,,
,85.08,85.137919,,,,
,85.2,85.2574,,,,
,85.32,85.374635,,,,
,90.62,90.676658,,,,
,90.74,90.800212,,,,
,90.86,90.92229,,,,
,90.98,91.040546,,,,
,91.1,91.163882,,,,
,91.22,91.277711,,,,
,91.34,91.399915,,,,
,96.64,96.703732,,,,
,96.76,96.818503,,,,
,96.88,96.939796,,,,
,97.0,97.065261,,,,
,97.12,97.183836,,,,
,97.24,97.296585,,,,
,97.36,97.424821,,,,
,102.66,102.714111,,,,
,102.78,102.835265,,,,
,102.9,102.96383,,,,
,103.02,103.081761,,,,
,103.14,103.19586,,,,
,103.26,103.323045,,,,
,108.56,108.618913,,,,
,108.68,108.735484,,,,
,108.8,108.862252,,,,
,108.92,108.983925,,,,
,109.04,109.098105,,,,
,109.16,109.214131,,,,
,114.46,114.514371,,,,
,114.58,114.635043,,,,
,114.7,114.761979,,,,
,114.82,114.883063,,,,
,114.94,114.998958,,,,
,115.06,115.115682,,,,
,120.36,120.423836,,,,
,120.48,120.543484,,,,
,120.6,120.660672,,,,
,120.72,120.777244,,,,
,120.84,120.899783,,,,
,126.14,126.199433,,,,
,126.26,126.318293,,,,
,126.38,126.437299,,,,
,126.5,126.557468,,,,
,126.62,126.68213,,,,
